publisher,n
search.proquest.com,159
osti.gov,116
HeinOnline,115
Elsevier,94
Springer,69
papers.ssrn.com,50
liebertpub.com,47
Taylor &Francis,46
Wiley Online Library,40
rosap.ntl.bts.gov,34
mdpi.com,32
iopscience.iop.org,30
escholarship.org,29
frontiersin.org,29
journals.sagepub.com,27
nature.com,26
books.google.com,22
JSTOR,21
urban.org,19
academic.oup.com,16
ACS Publications,15
deepblue.lib.umich.edu,15
ntrs.nasa.gov,14
ui.adsabs.harvard.edu,14
ascelibrary.org,13
pmc.ncbi.nlm.nih.gov,12
researchgate.net,12
taylorfrancis.com,12
ehp.niehs.nih.gov,11
dukespace.lib.duke.edu,10
peer.asee.org,10
repositories.lib.utexas.edu,10
journals.uchicago.edu,9
repository.library.noaa.gov,9
jamanetwork.com,8
search.ebscohost.com,8
vtechworks.lib.vt.edu,8
cambridge.org,7
ideals.illinois.edu,7
ieeexplore.ieee.org,7
aceee.org,6
arxiv.org,6
atsjournals.org,6
digitalcommons.mtech.edu,6
digitalcommons.unl.edu,6
direct.mit.edu,6
epa.gov,6
essopenarchive.org,6
minds.wisconsin.edu,6
rff.org,6
academiccommons.columbia.edu,5
ahajournals.org,5
cdr.lib.unc.edu,5
ir.library.oregonstate.edu,5
journals.lww.com,5
journals.plos.org,5
law.berkeley.edu,5
pnas.org,5
scholarscompass.vcu.edu,5
aacrjournals.org,4
ajph.aphapublications.org,4
annualreviews.org,4
apha.confex.com,4
authorea.com,4
cell.com,4
ncbi.nlm.nih.gov,4
research.fs.usda.gov,4
scholarworks.umt.edu,4
thelancet.com,4
upload.wikimedia.org,4
wri.org,4
accesswater.org,3
ageconsearch.umn.edu,3
atlaspolicy.com,3
bren.ucsb.edu,3
c2es.org,3
conservancy.umn.edu,3
core.ac.uk,3
cpr-assets.s3.amazonaws.com,3
digital.lib.washington.edu,3
digitalcommons.calpoly.edu,3
digitalcommons.humboldt.edu,3
dpceonline.it,3
eartharxiv.org,3
go.gale.com,3
ingentaconnect.com,3
intechopen.com,3
iwaponline.com,3
library.oapen.org,3
media.rff.org,3
nicholasinstitute.duke.edu,3
par.nsf.gov,3
repository.upenn.edu,3
scholarworks.calstate.edu,3
search.issuelab.org,3
shareok.org,3
thieme-connect.com,3
wyoscholar.uwyo.edu,3
Scientific Research Publishing,2
World Scientific,2
apps.ecology.wa.gov,2
auf.isa-arbor.com,2
biorxiv.org,2
catalysis.eprints.iitm.ac.in,2
cdn.catf.us,2
cec.org,2
cedar.wwu.edu,2
cfm.va.gov,2
climatejustice.ubc.ca,2
coloradoriverrecovery.org,2
digitalrepository.unm.edu,2
dl.acm.org,2
dspace.mit.edu,2
earthjustice.org,2
elischolar.library.yale.edu,2
emerald.com,2
engrxiv.org,2
gsa.gov,2
hollowaygroup.org,2
indigo.uic.edu,2
ir.library.louisville.edu,2
jacc.org,2
jacionline.org,2
journals.ametsoc.org,2
jscholarship.library.jhu.edu,2
knowledge.uchicago.edu,2
meridian.allenpress.com,2
muse.jhu.edu,2
nap.nationalacademies.org,2
nrdc.org,2
nwarpc.org,2
osf.io,2
policycommons.net,2
povertyactionlab.org,2
psycnet.apa.org,2
pubs.usgs.gov,2
railcdc.org,2
rave.ohiolink.edu,2
repository.arizona.edu,2
researchsquare.com,2
rongyidianshang.com,2
scholar.archive.org,2
scholarworks.wm.edu,2
science.org,2
stacks.cdc.gov,2
twj-ojs-tdl.tdl.org,2
udspace.udel.edu,2
wvww.naseo.org,2
White House press release …,1
academia.edu,1
acpjournals.org,1
aeaweb.org,1
airalliancehouston.org,1
alexandriava.gov,1
amjtransplant.org,1
anacostiariverkeeper.org,1
api.mountainscholar.org,1
api.taylorfrancis.com,1
apps.dtic.mil,1
aquadoc.typepad.com,1
arch.umd.edu,1
army.mil,1
ars.usda.gov,1
asset.pearlcertification.com,1
bakerbotts.com,1
baylor-ir.tdl.org,1
benthamdirect.com,1
beyondtoxics.org,1
blsa.studentorg.berkeley.edu,1
boem.gov,1
brill.com,1
cabidigitallibrary.org,1
cdc.gov,1
cdt.org,1
ceeol.com,1
chargevc.org,1
chem.tti.tamu.edu,1
chemrxiv.org,1
chesapeakebay.net,1
chhs.fresnostate.edu,1
china-ces.org,1
cityparksalliance.org,1
climate.hawaii.gov,1
climateadvocacylab.org,1
climateandsecurity.org,1
cloud.env.nm.gov,1
cnu.org,1
coastal.la.gov,1
columbiascwater.net,1
copi.helunahealth.org,1
criticalcare.theclinics.com,1
criticaldebateshsgj.scholasticahq …,1
csus.edu,1
cureus.com,1
dash.harvard.edu,1
digital.library.ncat.edu,1
digital.wpi.edu,1
digitalcommons.bucknell.edu,1
digitalcommons.conncoll.edu,1
digitalcommons.csumb.edu,1
digitalcommons.du.edu,1
digitalcommons.fiu.edu,1
digitalcommons.law.lsu.edu,1
digitalcommons.library.umaine.edu,1
digitalcommons.lmu.edu,1
digitalcommons.memphis.edu,1
digitalcommons.mtu.edu,1
digitalcommons.pace.edu,1
digitalcommons.providence.edu,1
digitalcommons.unmc.edu,1
digitalcommons.uri.edu,1
digitalrepository.salemstate.edu,1
digitalshowcase.lynchburg.edu,1
digitalworks.union.edu,1
drum.lib.umd.edu,1
eap.wisc.edu,1
ecoevorxiv.org,1
econ.unm.edu,1
efifoundation.org,1
electricschoolbusinitiative.org,1
elgaronline.com,1
energyfuturesinitiative.org,1
eprints.lse.ac.uk,1
espis.boem.gov,1
essd.copernicus.org,1
etd.library.emory.edu,1
etda.libraries.psu.edu,1
europepmc.org,1
extension.illinois.edu,1
figshare.swinburne.edu.au,1
floridadep.gov,1
flyipt.com,1
fs.usda.gov,1
garnetenergycenter.com,1
grda.com,1
greatcitymississippi.org,1
greenlining.org,1
hammer.purdue.edu,1
hbs.edu,1
healthaffairs.org,1
https://live-socio-spatial-climate-collaborative.pantheon.berkeley.edu/,1
implementationscience …,1
inldigitallibrary.inl.gov,1
ir.lawnet.fordham.edu,1
irlaw.umkc.edu,1
isps.yale.edu,1
istes.org,1
jacsdirectory.com,1
janeway.uncpress.org,1
jech.bmj.com,1
journal-buildingscities.org,1
journal.kaopg.or.kr,1
journalissues.org,1
journals-test.library.indianapolis.iu …,1
journals.library.iit.edu,1
journals.librarypublishing.arizona …,1
justtransitionforall.com,1
kluwerlawonline.com,1
larimer.gov,1
legacy-assets.eenews.net,1
lindseyresearch.com,1
louis.pressbooks.pub,1
lurepository.lakeheadu.ca,1
mackseyjournal.scholasticahq.com,1
mavmatrix.uta.edu,1
media.dogwoodalliance.org,1
media.journoportfolio.com,1
media4.manhattan-institute.org,1
medicosphere.upnjatim.ac.id,1
medrxiv.org,1
medvixpublications.org,1
menandsny.gov,1
mentalhealth.bmj.com,1
movingforwardnetwork.com,1
naturalhazardsresiliencecenter.org,1
netl.doe.gov,1
newea.org,1
oaktrust.library.tamu.edu,1
oceanconservancy.org,1
oewri.missouristate.edu,1
onepetro.org,1
online.ucpress.edu,1
onlinepubs.trb.org,1
pdxscholar.library.pdx.edu,1
periodicos.fgv.br,1
phaidra.univie.ac.at,1
piercecounty.caimaps.info,1
planhillsborough.org,1
planning.erdc.dren.mil,1
policyinnovation.org,1
policyintegrity.org,1
preview.yndc.org,1
publicationsncte.org,1
publish.tntech.edu,1
pubs.aip.org,1
pubs.lib.umn.edu,1
pwcva.gov,1
pwvas.org,1
repository.library.georgetown.edu,1
repository.lsu.edu,1
repository.mines.edu,1
repository.wellesley.edu,1
research.library.kutztown.edu,1
researchinaction.com,1
safety4sea.com,1
scholarship.law.unc.edu,1
scholarship.law.wm.edu,1
scholarship.richmond.edu,1
scholarship.shu.edu,1
scholarworks.sjsu.edu,1
scholarworks.uark.edu,1
scholarworks.umass.edu,1
scienceforgeorgia.org,1
sciencepolicyjournal.org,1
sciepublish.com,1
scirp.org,1
sierraclub.org,1
sigmarepository.org,1
sjtpo.org,1
spp.ucr.edu,1
tesidottorato.depositolegale.it,1
theicct.org,1
theseus.fi,1
thurstonclimatecollaborative.org,1
trid.trb.org,1
ucs.org,1
usbr.gov,1
usp510.github.io,1
uta.pressbooks.pub,1
uwm.edu,1
uwyo.edu,1
via.library.depaul.edu,1
villageofislandlake.com,1
waportal.org,1
water.ca.gov,1
wes.copernicus.org,1
… .us-ashburn-1.oci.customer-oci.com,1
… Jusfice Screening Tool (CEJST),1
